antecedents,consequents,antecedent support,consequent support,support,confidence,lift,representativity,leverage,conviction,zhangs_metric,jaccard,certainty,kulczynski
frozenset({'customer service'}),frozenset({'communication'}),0.168875,0.29035,0.08593,0.5088378978534419,1.752498356650394,1.0,0.03689714375000001,1.444838673217192,0.5166323423195056,0.23019327877415988,0.30788120602190083,0.40239552891638863
"frozenset({'communication', 'customer service'})",frozenset({'teamwork'}),0.08593,0.17344,0.03547,0.4127778424298848,2.3799460472202765,1.0,0.0205663008,1.4075763139120094,0.6343304207210084,0.1584189370254578,0.28955894602918697,0.3086433031337616
"frozenset({'customer service', 'teamwork'})",frozenset({'communication'}),0.05153,0.29035,0.03547,0.6883368911313799,2.3707142797705525,1.0,0.0205082645,2.2769778642590293,0.6095988271693362,0.11575992950621716,0.5608213783292889,0.40524989898397823
frozenset({'organizational skills'}),frozenset({'communication skills'}),0.057765,0.16648,0.02387,0.4132260019042673,2.4821360037498037,1.0,0.0142532828,1.4205128426021538,0.6337285175969518,0.11912663755458516,0.29602889181335457,0.27830329408043736
"frozenset({'organizational skills', 'communication'})",frozenset({'time management'}),0.018715,0.12239,0.01006,0.537536735239113,4.391998817216383,1.0,0.00776947115,1.8976858636626228,0.7870427404744607,0.07676752260673812,0.47304239381856755,0.3098664965516588
"frozenset({'organizational skills', 'time management'})",frozenset({'communication'}),0.021165,0.29035,0.01006,0.4753130167729742,1.6370346711657455,1.0,0.00391474225,1.3525206888788832,0.39755361084145135,0.033371481647343715,0.2606397756259765,0.25498042779409863
frozenset({'team leadership'}),frozenset({'communication'}),0.04124,0.29035,0.017775,0.4310135790494665,1.4844621286360136,1.0,0.005800965999999999,1.247217813765182,0.34039314376944574,0.056641651928684096,0.19821542880217927,0.24611639861720785
frozenset({'multitasking'}),frozenset({'communication'}),0.035325,0.29035,0.01669,0.4724699221514508,1.6272427144875177,1.0,0.006433386249999999,1.3452313522940702,0.3995786415772266,0.05401556709872647,0.2566334420509417,0.2649761355203612
frozenset({'inventory management'}),frozenset({'customer service'}),0.03214,0.168875,0.015845,0.4929993777224642,2.9193153381048953,1.0,0.010417357500000002,1.6392977907333537,0.6792861867254847,0.0855700167413728,0.3899827074416775,0.2934130863445778
frozenset({'inventory management'}),frozenset({'communication'}),0.03214,0.29035,0.01483,0.46141879278158054,1.5891813080130206,1.0,0.005498151,1.3176285961871748,0.38305661840745653,0.048202561268933235,0.24106079445019452,0.2562475400105595
frozenset({'motivation'}),frozenset({'communication'}),0.02921,0.29035,0.01808,0.6189661074974323,2.1317930342601423,1.0,0.009598876499999999,1.8624327493261452,0.5468858464144747,0.05997081066737428,0.46306786091373536,0.3406178910140855
frozenset({'motivation'}),frozenset({'customer service'}),0.02921,0.168875,0.0137,0.46901745977405,2.7773054612823094,1.0,0.00876716125,1.5652586234687298,0.6591938291208838,0.07430105485804159,0.3611279407719056,0.27507127614905313
frozenset({'motivation'}),frozenset({'leadership'}),0.02921,0.153375,0.01547,0.5296131461828141,3.4530604478097087,1.0,0.010989916249999999,1.7998483442503637,0.7317770332564832,0.09257098405289771,0.4443976331703104,0.3152385209316678
"frozenset({'communication', 'motivation'})",frozenset({'customer service'}),0.01808,0.168875,0.01041,0.575774336283186,3.4094705331350763,1.0,0.0073567400000000005,1.9591577574967411,0.7197117153837834,0.05896513636749838,0.4895765814807472,0.31870878176113404
"frozenset({'customer service', 'motivation'})",frozenset({'communication'}),0.0137,0.29035,0.01041,0.7598540145985402,2.6170277754384026,1.0,0.006432205000000001,2.9550775075987845,0.6264697635220193,0.03545157335512873,0.6615994005475095,0.39785364756102315
"frozenset({'communication', 'motivation'})",frozenset({'leadership'}),0.01808,0.153375,0.01157,0.6399336283185841,4.172346394905194,1.0,0.00879698,2.3513026113671276,0.7743265306754769,0.07236451199299496,0.5747038279268674,0.35768482556923503
"frozenset({'leadership', 'motivation'})",frozenset({'communication'}),0.01547,0.29035,0.01157,0.7478991596638656,2.5758538304248857,1.0,0.007078285500000001,2.8149450000000003,0.6213921500443319,0.039320305862361946,0.6447532722664209,0.39387380921026927
frozenset({'teamwork'}),frozenset({'communication'}),0.17344,0.29035,0.101345,0.5843231088560885,2.012478418653654,1.0,0.050986696000000005,1.7072154240932103,0.6086675637377238,0.2796148381133689,0.41425084035241105,0.46668368289368917
frozenset({'attention to detail'}),frozenset({'communication'}),0.12316,0.29035,0.0575,0.46687236115621955,1.6079640473780594,1.0,0.021740494,1.3311071276271702,0.43120244038374955,0.16151231706974525,0.2487456649844565,0.3324546066156507
"frozenset({'communication', 'attention to detail'})",frozenset({'teamwork'}),0.0575,0.17344,0.030185,0.5249565217391304,3.0267327129793036,1.0,0.0202122,1.73996705107084,0.7104623170378598,0.15035740081193494,0.425276473261627,0.34949682636772017
"frozenset({'teamwork', 'attention to detail'})",frozenset({'communication'}),0.049135,0.29035,0.030185,0.6143278721888674,2.1158183991350694,1.0,0.01591865275,1.8400344459102902,0.5546209456855576,0.09759133527319755,0.4565319131809588,0.35914430461518454
"frozenset({'customer service', 'attention to detail'})",frozenset({'teamwork'}),0.03619,0.17344,0.017965,0.4964078474716772,2.8621301168800577,1.0,0.011688206399999998,1.641328197530864,0.6750395562989291,0.09373124983695509,0.3907373299841236,0.29999416820078323
"frozenset({'customer service', 'attention to detail'})",frozenset({'communication'}),0.03619,0.29035,0.02238,0.6184028737220226,2.1298531900190207,1.0,0.011872233500000001,1.8596838160753075,0.5504031609951638,0.07357969489742242,0.4622741826562709,0.3477411303344055
"frozenset({'communication', 'customer service', 'attention to detail'})",frozenset({'teamwork'}),0.02238,0.17344,0.012875,0.575290437890974,3.3169421003861506,1.0,0.0089934128,1.9461770436612305,0.7145081923744667,0.0703763426166334,0.4861721325626379,0.32476180104880803
"frozenset({'communication', 'teamwork', 'attention to detail'})",frozenset({'customer service'}),0.030185,0.168875,0.012875,0.4265363591187676,2.525751941487891,1.0,0.007777508125,1.4493072284806472,0.6228799317095258,0.06915165024035234,0.31001517114605814,0.25138809073628976
"frozenset({'teamwork', 'customer service', 'attention to detail'})",frozenset({'communication'}),0.017965,0.29035,0.012875,0.7166713053158921,2.4683013787356365,1.0,0.00765886225,2.5046880648330063,0.6057453017241146,0.04357906850798809,0.6007486864170959,0.38050716979243887
"frozenset({'leadership', 'attention to detail'})",frozenset({'communication'}),0.024515,0.29035,0.018705,0.7630022435243728,2.6278706510224654,1.0,0.01158706975,2.994332142857143,0.6350315651933425,0.06315842787682334,0.6660357127096074,0.4137122462670943
"frozenset({'leadership', 'attention to detail'})",frozenset({'teamwork'}),0.024515,0.17344,0.013355,0.5447685090760759,3.1409623447651973,1.0,0.0091031184,1.8156916129032257,0.6987562467534436,0.07234561213434453,0.44924567977651453,0.31088460047899735
"frozenset({'communication', 'leadership', 'attention to detail'})",frozenset({'teamwork'}),0.018705,0.17344,0.01092,0.5838011226944667,3.366012008155366,1.0,0.007675804799999999,1.985973641618497,0.716311127105027,0.06025658711546419,0.49646864437483873,0.3233811886535064
"frozenset({'teamwork', 'leadership', 'attention to detail'})",frozenset({'communication'}),0.013355,0.29035,0.01092,0.8176712841632346,2.816157341702203,1.0,0.00704237575,3.8921460985626264,0.653635506400432,0.037296992673805006,0.7430723372975898,0.4276405327308338
"frozenset({'leadership', 'attention to detail'})","frozenset({'communication', 'teamwork'})",0.024515,0.101345,0.01092,0.44544156638792576,4.395298893758209,1.0,0.008435527324999999,1.620487482530342,0.7918975558527934,0.09500609013398294,0.38290174359228596,0.2765961593842041
frozenset({'adaptability'}),frozenset({'communication'}),0.059205,0.29035,0.03513,0.5933620471243983,2.0436095991885597,1.0,0.01793982825,1.7451642056074768,0.5428066136390662,0.11172775701677666,0.4269880182123558,0.3571769767221785
frozenset({'adaptability'}),frozenset({'teamwork'}),0.059205,0.17344,0.02932,0.4952284435436196,2.8553300481066626,1.0,0.019051484799999997,1.63749321733311,0.6906688384871327,0.1442026312553793,0.38931044757019406,0.3321391295208873
"frozenset({'communication', 'adaptability'})",frozenset({'teamwork'}),0.03513,0.17344,0.02003,0.5701679476231141,3.2874074470889876,1.0,0.013937052799999999,1.9229836291390725,0.7211426685564738,0.10623740320356422,0.4799747720953277,0.3428272856196751
"frozenset({'adaptability', 'teamwork'})",frozenset({'communication'}),0.02932,0.29035,0.02003,0.6831514324693042,2.3528549422052842,1.0,0.011516938,2.23971345532831,0.5923521895629379,0.06684688292617808,0.5535143133506718,0.37606856968738156
"frozenset({'adaptability', 'attention to detail'})",frozenset({'communication'}),0.01923,0.29035,0.01229,0.6391055642225689,2.201155723170549,1.0,0.0067065695000000005,1.9663644812680117,0.5563926362535777,0.04134010562077433,0.49144728277681804,0.3407168943895693
"frozenset({'adaptability', 'attention to detail'})",frozenset({'teamwork'}),0.01923,0.17344,0.01162,0.6042641705668227,3.4839954483788205,1.0,0.0082847488,2.088666070959264,0.7269525154609544,0.06418116542391604,0.5212255257535118,0.3356307015195737
"frozenset({'adaptability', 'attention to detail'})",frozenset({'time management'}),0.01923,0.12239,0.011015,0.5728029121164847,4.680144718657445,1.0,0.0086614403,2.054344528301887,0.8017490273501883,0.08433827188851882,0.5132267318244832,0.3314010475281337
"frozenset({'adaptability', 'time management'})",frozenset({'attention to detail'}),0.022015,0.12316,0.011015,0.500340676811265,4.0625257941804565,1.0,0.0083036326,1.7548756909090908,0.7708172587001707,0.08210345855694694,0.4301590675736338,0.2948885910850739
"frozenset({'adaptability', 'teamwork'})",frozenset({'time management'}),0.02932,0.12239,0.01306,0.4454297407912688,3.6394292081973103,1.0,0.0094715252,1.5825046248462487,0.7471377164370523,0.09419401370357013,0.36809031436659656,0.276068902587807
"frozenset({'adaptability', 'time management'})",frozenset({'teamwork'}),0.022015,0.17344,0.01306,0.5932318873495345,3.4203868043677033,1.0,0.0092417184,2.0320176884422114,0.7235646823001329,0.0716028399901313,0.5078782996389064,0.33426585142384474
"frozenset({'communication', 'adaptability'})",frozenset({'time management'}),0.03513,0.12239,0.01572,0.4474807856532878,3.656187479804623,1.0,0.011420439300000002,1.5883791499227204,0.7529418985130854,0.11086036671368127,0.37042739446142114,0.2879613259094121
"frozenset({'adaptability', 'time management'})",frozenset({'communication'}),0.022015,0.29035,0.01572,0.7140585964115377,2.459302897921604,1.0,0.00932794475,2.4818021842732336,0.6067380474010663,0.052992634293515826,0.5970669998048864,0.38410007485464087
"frozenset({'problem solving', 'adaptability'})",frozenset({'teamwork'}),0.019115,0.17344,0.010755,0.5626471357572588,3.2440448325487705,1.0,0.0074396944,1.8899155980861246,0.7052231958754446,0.059158415841584155,0.4708758417504582,0.3123285263657143
"frozenset({'communication', 'adaptability'})",frozenset({'problem solving'}),0.03513,0.120525,0.014405,0.4100483916880159,3.4021853697408497,1.0,0.01017095675,1.4907578648974666,0.7317786617205001,0.10198230088495576,0.32920025206858167,0.264783581863506
"frozenset({'problem solving', 'adaptability'})",frozenset({'communication'}),0.019115,0.29035,0.014405,0.7535966518441014,2.5954766724439517,1.0,0.008854959749999999,2.8800339171974514,0.6266935654487099,0.04882057886531553,0.6527818668979094,0.4016045942189338
"frozenset({'customer service', 'adaptability'})",frozenset({'teamwork'}),0.01971,0.17344,0.011125,0.5644342973110097,3.2543490389241794,1.0,0.007706497599999999,1.897670075713454,0.7066468957076563,0.0611179782996841,0.47303800971618476,0.31428875843410264
"frozenset({'customer service', 'adaptability'})",frozenset({'communication'}),0.01971,0.29035,0.013795,0.699898528665652,2.410533937198733,1.0,0.0080722015,2.364700169061708,0.5969194320602756,0.04656304322144027,0.5771134061377469,0.3737050762839195
"frozenset({'leadership', 'adaptability'})",frozenset({'teamwork'}),0.01835,0.17344,0.010845,0.591008174386921,3.407565581105402,1.0,0.007662376,2.020969487008661,0.7197426393500072,0.05993533946779408,0.5051879771425196,0.32676850140010255
"frozenset({'communication', 'adaptability'})",frozenset({'leadership'}),0.03513,0.153375,0.01477,0.42043837176202675,2.741244477666026,1.0,0.00938193625,1.4608023698428292,0.6583292914900734,0.08501453362880249,0.31544470309998734,0.2583691451312171
"frozenset({'leadership', 'adaptability'})",frozenset({'communication'}),0.01835,0.29035,0.01477,0.8049046321525885,2.772187470820005,1.0,0.0094420775,3.6374518156424562,0.6512239955243719,0.05025005953798524,0.7250822689390382,0.42788713612106777
"frozenset({'adaptability', 'problemsolving'})",frozenset({'communication'}),0.017265,0.29035,0.013275,0.7688966116420505,2.648171557231102,1.0,0.008262107250000001,3.0707035714285724,0.6333151464555322,0.04510090371679011,0.674341734153527,0.4073086467888227
"frozenset({'adaptability', 'problemsolving'})",frozenset({'teamwork'}),0.017265,0.17344,0.010905,0.631624674196351,3.6417474296376326,1.0,0.0079105584,2.243798490566038,0.7381507196297025,0.060650723025583976,0.5543271803575676,0.3472497217845224
frozenset({'planning'}),frozenset({'communication'}),0.02811,0.29035,0.014655,0.5213447171824973,1.7955733328138361,1.0,0.0064932615,1.4825909698996655,0.45588988556343374,0.04823817909514326,0.3255051323645421,0.2859091417839471
frozenset({'quality assurance'}),frozenset({'communication'}),0.02904,0.29035,0.012365,0.4257920110192837,1.4664784261039563,1.0,0.003933236,1.2358762218890553,0.32760803578207964,0.040273593355589936,0.19085748047528178,0.2341892722566713
frozenset({'health and safety'}),frozenset({'communication'}),0.02539,0.29035,0.011705,0.461008270972824,1.5877674219832065,1.0,0.004333013500000001,1.3166250274022655,0.37982868587472673,0.038498857039485586,0.2404823095509392,0.2506608429084888
frozenset({'problemsolving'}),frozenset({'teamwork'}),0.09452,0.17344,0.043525,0.46048455353364365,2.6550078040454546,1.0,0.0271314512,1.5320414001372684,0.6884230163357622,0.19393142780760575,0.3472761245809665,0.35571794558601
frozenset({'problemsolving'}),frozenset({'communication'}),0.09452,0.29035,0.06495,0.6871561574269994,2.3666476921887356,1.0,0.03750611799999999,2.2683841055123426,0.6377406470355524,0.20301950487621906,0.5591575529162255,0.4554258486463394
"frozenset({'communication', 'problemsolving'})",frozenset({'teamwork'}),0.06495,0.17344,0.03339,0.5140877598152426,2.9640668808535664,1.0,0.022125072000000003,1.7010479087452473,0.7086526884297764,0.16287804878048784,0.41212708069014053,0.35330195186334085
"frozenset({'teamwork', 'problemsolving'})",frozenset({'communication'}),0.043525,0.29035,0.03339,0.7671453187823091,2.6421398959266713,1.0,0.020752516250000002,3.047608904785398,0.6498015163604763,0.11112035542539563,0.6718739079578794,0.44107222887625874
"frozenset({'customer service', 'problemsolving'})",frozenset({'teamwork'}),0.030875,0.17344,0.01621,0.5250202429149797,3.0271001090577703,1.0,0.010855039999999998,1.7402004773269688,0.6909849945252132,0.08617527444778181,0.4253535652765434,0.3092409793910692
"frozenset({'customer service', 'problemsolving'})",frozenset({'communication'}),0.030875,0.29035,0.02363,0.7653441295546559,2.6359363855851763,1.0,0.014665443750000002,3.0242158385093174,0.6404005406231839,0.07940321577983502,0.66933577052724,0.4233643327297991
"frozenset({'communication', 'customer service', 'problemsolving'})",frozenset({'teamwork'}),0.02363,0.17344,0.01318,0.5577655522640711,3.2158991712642475,1.0,0.0090816128,1.86905385645933,0.705721168448682,0.07167328294088857,0.4649699383760055,0.31687862484052265
"frozenset({'customer service', 'teamwork', 'problemsolving'})",frozenset({'communication'}),0.01621,0.29035,0.01318,0.8130783466995682,2.8003387177529473,1.0,0.008473426500000002,3.7965103960396056,0.6534934705845797,0.044924671075056245,0.7366002208124685,0.42923591865717176
"frozenset({'customer service', 'problemsolving'})","frozenset({'communication', 'teamwork'})",0.030875,0.101345,0.01318,0.42688259109311744,4.212172194909639,1.0,0.010050973125000001,1.5680120443628145,0.7868879675927494,0.11071908602150538,0.3622497967441537,0.2784667038054763
"frozenset({'communication', 'customer service', 'problemsolving'})",frozenset({'leadership'}),0.02363,0.153375,0.01052,0.44519678374947097,2.902668516703967,1.0,0.00689574875,1.5259915141113654,0.671353508306219,0.06318887587470341,0.34468836113919504,0.25689342039959284
"frozenset({'communication', 'leadership', 'problemsolving'})",frozenset({'customer service'}),0.026135,0.168875,0.01052,0.40252534914865123,2.383569795106743,1.0,0.006106451875,1.391063200448287,0.5960386756356464,0.05702206081630441,0.28112540129180474,0.23240997287188297
"frozenset({'customer service', 'leadership', 'problemsolving'})",frozenset({'communication'}),0.011735,0.29035,0.01052,0.8964635705155517,3.0875273653023996,1.0,0.00711274275,6.854109259259255,0.6841446686755002,0.03608114828597397,0.8541021214902441,0.4663478520736877
"frozenset({'attention to detail', 'problemsolving'})",frozenset({'communication'}),0.02881,0.29035,0.020325,0.7054842068726137,2.42977167856936,1.0,0.0119600165,2.409548202710666,0.6058945172283096,0.06801412150517844,0.5849844386283573,0.38774296446609846
"frozenset({'attention to detail', 'problemsolving'})",frozenset({'teamwork'}),0.02881,0.17344,0.017,0.5900728913571677,3.402173035961529,1.0,0.0120031936,2.0163584758679085,0.7270155291597997,0.09176788124156544,0.5040564403759771,0.3440447482616097
"frozenset({'attention to detail', 'problemsolving'})",frozenset({'customer service'}),0.02881,0.168875,0.01158,0.4019437695244707,2.3801259483314325,1.0,0.006714711250000001,1.3897104614045273,0.5970553307454429,0.06222293866365761,0.28042565140558967,0.23525759904794963
"frozenset({'attention to detail', 'problemsolving'})",frozenset({'time management'}),0.02881,0.12239,0.01394,0.48385977091287746,3.9534256958319918,1.0,0.0104139441,1.7003324882313382,0.7692159242644283,0.10155908494827334,0.41187973121646,0.2988789826048986
"frozenset({'time management', 'problemsolving'})",frozenset({'attention to detail'}),0.03017,0.12316,0.01394,0.462048392442824,3.7516108512733353,1.0,0.0102242628,1.6299607393715343,0.7562643283590459,0.10000717411579023,0.38648829027282516,0.28761724591287025
"frozenset({'communication', 'teamwork', 'attention to detail'})",frozenset({'problemsolving'}),0.030185,0.09452,0.012745,0.4222295842305781,4.4670925119612575,1.0,0.009891913799999999,1.567196892201835,0.8002977324441766,0.11383529832082885,0.3619180812724501,0.27853438585206436
"frozenset({'communication', 'attention to detail', 'problemsolving'})",frozenset({'teamwork'}),0.020325,0.17344,0.012745,0.627060270602706,3.6154305269989964,1.0,0.009219831999999999,2.216336675461741,0.7384160744655724,0.070406584907745,0.5488050118596424,0.3502719480319803
"frozenset({'teamwork', 'attention to detail', 'problemsolving'})",frozenset({'communication'}),0.017,0.29035,0.012745,0.7497058823529411,2.5820763986669233,1.0,0.007809049999999999,2.8352643948296117,0.6233110784473754,0.04326131599938901,0.6472992071485114,0.3968005905651394
"frozenset({'attention to detail', 'problemsolving'})","frozenset({'communication', 'teamwork'})",0.02881,0.101345,0.012745,0.44238111766747656,4.36510057395507,1.0,0.00982525055,1.611593560535325,0.7937789763090324,0.1085512307299208,0.37949615555188204,0.28406983260156105
"frozenset({'communication', 'attention to detail', 'time management'})",frozenset({'problemsolving'}),0.025725,0.09452,0.01042,0.40505344995140913,4.285372936430481,1.0,0.007988473,1.5219518458020254,0.7868908476705276,0.09487821534259049,0.34294898832818965,0.25764733437054166
"frozenset({'communication', 'attention to detail', 'problemsolving'})",frozenset({'time management'}),0.020325,0.12239,0.01042,0.512669126691267,4.188815480768584,1.0,0.00793242325,1.8008504038364463,0.777062827888543,0.07876336974186478,0.44470679081968867,0.2989034006689442
"frozenset({'communication', 'time management', 'problemsolving'})",frozenset({'attention to detail'}),0.022435,0.12316,0.01042,0.4644528638288389,3.7711340031571847,1.0,0.0076569054000000004,1.6372788514357053,0.7516919831545482,0.07708525984834474,0.3892304911145008,0.27452912759483517
"frozenset({'attention to detail', 'time management', 'problemsolving'})",frozenset({'communication'}),0.01394,0.29035,0.01042,0.7474892395982784,2.5744420168702544,1.0,0.006372521000000001,2.81037528409091,0.6202120710497036,0.03545785551434308,0.6441756353107566,0.3916884806567249
"frozenset({'customer service', 'problemsolving'})",frozenset({'time management'}),0.030875,0.12239,0.01268,0.4106882591093118,3.3555703824602645,1.0,0.00890120875,1.4892118026930474,0.724352453776924,0.09019454422591316,0.32850384465686555,0.25714574733388623
"frozenset({'time management', 'problemsolving'})",frozenset({'customer service'}),0.03017,0.168875,0.01268,0.4202850513755386,2.4887345751327232,1.0,0.007585041250000001,1.4336787449971413,0.6167981739360416,0.06803852654736672,0.3024936698758173,0.24768508675364645
"frozenset({'time management', 'problemsolving'})",frozenset({'communication'}),0.03017,0.29035,0.022435,0.7436194895591648,2.5611141365908896,1.0,0.0136751405,2.7679561085972857,0.6285069855512739,0.0752637670463123,0.63872259502454,0.410444151530056
"frozenset({'time management', 'problemsolving'})",frozenset({'teamwork'}),0.03017,0.17344,0.017,0.5634736493205171,3.248810247466081,1.0,0.011767315200000001,1.8934939407744877,0.7137281912961096,0.09109908365039388,0.4718757855697313,0.3307451272432844
"frozenset({'communication', 'customer service', 'problemsolving'})",frozenset({'time management'}),0.02363,0.12239,0.01017,0.4303851036817605,3.5165054635326456,1.0,0.0072779243,1.540707600297177,0.7329462957976232,0.07486198012513802,0.35094757771875945,0.25674006389251847
"frozenset({'communication', 'time management', 'problemsolving'})",frozenset({'customer service'}),0.022435,0.168875,0.01017,0.4533095609538667,2.68429051638115,1.0,0.006381289375,1.5202844985731756,0.6418622619511011,0.05614441868168268,0.3422283783472603,0.25676580934443893
"frozenset({'customer service', 'time management', 'problemsolving'})",frozenset({'communication'}),0.01268,0.29035,0.01017,0.8020504731861199,2.762357407219287,1.0,0.006488362,3.585004780876494,0.6461839766389242,0.03472649047326368,0.7210603440937362,0.41853858255483023
"frozenset({'communication', 'teamwork', 'time management'})",frozenset({'problemsolving'}),0.03301,0.09452,0.013285,0.4024538018782188,4.25786925389567,1.0,0.010164894800000001,1.5153305348542458,0.791260245919146,0.11628517659416167,0.3400779717699108,0.2715030329746574
"frozenset({'communication', 'time management', 'problemsolving'})",frozenset({'teamwork'}),0.022435,0.17344,0.013285,0.5921551147760196,3.4141784754152416,1.0,0.0093938736,2.026652852459016,0.7233317182698777,0.0727586395750041,0.5065755840786145,0.33437610443598026
"frozenset({'teamwork', 'time management', 'problemsolving'})",frozenset({'communication'}),0.017,0.29035,0.013285,0.781470588235294,2.691477831015306,1.0,0.00834905,3.2473889636608333,0.639325438743931,0.04517708669851903,0.6920602948429423,0.4136128556812771
"frozenset({'time management', 'problemsolving'})","frozenset({'communication', 'teamwork'})",0.03017,0.101345,0.013285,0.4403380841895923,4.344941380330478,1.0,0.01022742135,1.6057104737933077,0.7937961268512808,0.11236572781865856,0.3772227208323464,0.2857124828170814
"frozenset({'communication', 'problemsolving'})",frozenset({'leadership'}),0.06495,0.153375,0.026135,0.40238645111624327,2.623546543545188,1.0,0.016173293749999998,1.416676381553523,0.6618219022876562,0.13598522295644935,0.2941224876612943,0.2863928995597516
"frozenset({'leadership', 'problemsolving'})",frozenset({'communication'}),0.03166,0.29035,0.026135,0.8254895767530006,2.843084473060102,1.0,0.016942518999999996,4.066519276018099,0.669464580945732,0.08833122095479509,0.7540894479715361,0.4577508155850417
"frozenset({'leadership', 'problemsolving'})",frozenset({'teamwork'}),0.03166,0.17344,0.01643,0.5189513581806696,2.992108845598879,1.0,0.0109388896,1.718246198292843,0.6875555686459981,0.08708326708008693,0.41801122505404276,0.30684076211616507
"frozenset({'communication', 'leadership', 'problemsolving'})",frozenset({'teamwork'}),0.026135,0.17344,0.014205,0.5435240099483452,3.1337869577280046,1.0,0.009672145600000001,1.810741458507963,0.6991700713421585,0.07663052273830717,0.44774004300757975,0.3127127660442833
"frozenset({'communication', 'teamwork', 'problemsolving'})",frozenset({'leadership'}),0.03339,0.153375,0.014205,0.42542677448337823,2.7737687007881218,1.0,0.00908380875,1.4734849491790458,0.6615694775043452,0.0823191933240612,0.3213368073035621,0.2590214557013468
"frozenset({'leadership', 'teamwork', 'problemsolving'})",frozenset({'communication'}),0.01643,0.29035,0.014205,0.86457699330493,2.9777061935764766,1.0,0.0094345495,5.240246966292134,0.675265645888953,0.04855165342219944,0.8091692993798774,0.45675035303269573
"frozenset({'leadership', 'problemsolving'})","frozenset({'communication', 'teamwork'})",0.03166,0.101345,0.014205,0.44867340492735314,4.427188365754138,1.0,0.0109964173,1.629986668576339,0.7994330565543183,0.11957070707070706,0.3864980497825674,0.29441909429356455
frozenset({'flexibility'}),frozenset({'teamwork'}),0.05275,0.17344,0.02491,0.4722274881516588,2.7227138385127927,1.0,0.01576104,1.5661293103448277,0.6679539612597433,0.12375794912559618,0.3614831205861145,0.30792532156660435
frozenset({'flexibility'}),frozenset({'communication'}),0.05275,0.29035,0.027325,0.5180094786729857,1.7840863739383013,1.0,0.0120090375,1.4723318584070795,0.46396307315175606,0.08653313276858521,0.3208052965165726,0.3060600174491156
"frozenset({'communication', 'flexibility'})",frozenset({'teamwork'}),0.027325,0.17344,0.0159,0.5818847209515097,3.3549626438624864,1.0,0.011160752000000001,1.9768710722100657,0.7216532634747624,0.08600870905796122,0.4941501172951869,0.33677953759752605
"frozenset({'flexibility', 'teamwork'})",frozenset({'communication'}),0.02491,0.29035,0.0159,0.6382978723404256,2.198373936078614,1.0,0.008667381500000002,1.9619735294117648,0.5590441224228876,0.05311330839123465,0.4903091275141627,0.34652968354407193
"frozenset({'communication', 'flexibility'})",frozenset({'customer service'}),0.027325,0.168875,0.01145,0.4190301921317475,2.4813038764278166,1.0,0.006835490625,1.4305820866141734,0.6137569905528838,0.06197564276048714,0.3009838377280764,0.24341591027756881
"frozenset({'flexibility', 'customer service'})",frozenset({'communication'}),0.017615,0.29035,0.01145,0.6500141924496169,2.2387263387278007,1.0,0.00633548475,2.027653649635037,0.5632388986139316,0.03861524712071902,0.5068191255543111,0.3447246784531535
"frozenset({'flexibility', 'attention to detail'})",frozenset({'communication'}),0.016865,0.29035,0.010155,0.6021345982804625,2.0738233107644652,1.0,0.0052582472500000005,1.7836434053651264,0.5266813234545764,0.03418501312866088,0.4393498179108891,0.3185548142082526
"frozenset({'flexibility', 'attention to detail'})",frozenset({'teamwork'}),0.016865,0.17344,0.010065,0.5967981025793062,3.4409484696685086,1.0,0.007139934399999999,2.049990352941176,0.7215514187254889,0.05584221038615179,0.5121928263880495,0.3274148492601328
"frozenset({'flexibility', 'teamwork'})",frozenset({'attention to detail'}),0.02491,0.12316,0.010065,0.4040545965475712,3.2807291048032736,1.0,0.006997084399999999,1.4713428359717076,0.7129492733030969,0.07293214013984999,0.3203487484005876,0.24288877927411037
"frozenset({'communication', 'flexibility'})",frozenset({'adaptability'}),0.027325,0.059205,0.01284,0.4698993595608418,7.936818842341724,1.0,0.011222223375000001,1.774747903003107,0.898558034027464,0.17424345230017643,0.4365396920273192,0.3433864672139147
"frozenset({'flexibility', 'adaptability'})",frozenset({'communication'}),0.019755,0.29035,0.01284,0.6499620349278663,2.238546702007461,1.0,0.007104135750000001,2.0273515184381776,0.5644319537128878,0.043193783324643,0.5067456280248944,0.34709226251301184
"frozenset({'flexibility', 'adaptability'})",frozenset({'teamwork'}),0.019755,0.17344,0.01156,0.5851683118197925,3.3738947867838585,1.0,0.0081336928,1.9925189505796217,0.7177865162266738,0.06364412145236327,0.49812271561628,0.3259098016663538
"frozenset({'flexibility', 'teamwork'})",frozenset({'adaptability'}),0.02491,0.059205,0.01156,0.46407065435568046,7.838369299141634,1.0,0.01008520345,1.7554459513108618,0.894709661438048,0.1593274067948453,0.430344181629027,0.32966221679864927
"frozenset({'communication', 'flexibility'})",frozenset({'time management'}),0.027325,0.12239,0.012205,0.44666056724611164,3.649485801504303,1.0,0.008860693250000001,1.586024685846561,0.7463837310258656,0.08875718129590576,0.3694927897883019,0.2731913833861084
"frozenset({'flexibility', 'time management'})",frozenset({'communication'}),0.017765,0.29035,0.012205,0.6870250492541514,2.3661961400177423,1.0,0.00704693225,2.267433857913669,0.587823449662734,0.04124564901490319,0.5589728024436714,0.3645302618407833
"frozenset({'flexibility', 'teamwork'})",frozenset({'time management'}),0.02491,0.12239,0.01049,0.42111601766358886,3.4407714491673245,1.0,0.007441265099999999,1.516037801664355,0.7274892598459856,0.07667568160222206,0.3403858407078188,0.2534128172311735
"frozenset({'flexibility', 'time management'})",frozenset({'teamwork'}),0.017765,0.17344,0.01049,0.5904869124683366,3.404560150301756,1.0,0.007408838399999999,2.018397030927835,0.7190502285494567,0.05804720139446088,0.5045573369971165,0.32548446176922363
"frozenset({'flexibility', 'leadership'})",frozenset({'communication'}),0.01421,0.29035,0.010765,0.7575650950035187,2.6091444635905585,1.0,0.0066391265,2.927177503628447,0.6256227042945373,0.036641195391344306,0.6583739801360088,0.39732051891557024
frozenset({'initiative'}),frozenset({'teamwork'}),0.02811,0.17344,0.01334,0.4745642120241907,2.7361866468184424,1.0,0.0084646016,1.5730942180094785,0.6528803219211681,0.07087827426810477,0.3643101674702269,0.27573920933312857
frozenset({'initiative'}),frozenset({'communication'}),0.02811,0.29035,0.01367,0.4863038064745642,1.674888260632217,1.0,0.0055082615,1.3814585526315788,0.41459964096984225,0.04485055283966009,0.27612739586354434,0.2666924577404679
frozenset({'decisionmaking'}),frozenset({'problemsolving'}),0.016305,0.09452,0.010965,0.672493100275989,7.114823320736235,1.0,0.0094238514,2.7647661797752807,0.8736939519800582,0.10980372521530142,0.6383057607854276,0.3942501472602966
frozenset({'decisionmaking'}),frozenset({'communication'}),0.016305,0.29035,0.010875,0.6669733210671572,2.2971355986470026,1.0,0.006140843249999999,2.1309103591160214,0.5740348800993299,0.036767191831766854,0.5307170028424677,0.3522140585015483
frozenset({'data analysis'}),frozenset({'communication'}),0.066655,0.29035,0.03343,0.5015377691095941,1.7273558433256213,1.0,0.01407672075,1.4236785778781038,0.45115202747286715,0.10331453295217492,0.2975942635237006,0.3083373364232317
"frozenset({'data analysis', 'teamwork'})",frozenset({'communication'}),0.01749,0.29035,0.01209,0.6912521440823328,2.380754758334193,1.0,0.0070117785,2.2984775000000006,0.5902892962681568,0.04087912087912088,0.5649293934789443,0.3664457724027989
"frozenset({'project management', 'data analysis'})",frozenset({'communication'}),0.017485,0.29035,0.01013,0.5793537317700886,1.995363291786081,1.0,0.0050532302500000004,1.68704694085656,0.5077155354563085,0.03402697301019466,0.4072482657226642,0.30712132946348414
"frozenset({'communication', 'data analysis'})",frozenset({'problem solving'}),0.03343,0.120525,0.01416,0.4235716422375112,3.5143882367766954,1.0,0.01013084925,1.5257316683964712,0.7402003533199608,0.10129117636539219,0.34457675572075525,0.2705288204964781
"frozenset({'problem solving', 'data analysis'})",frozenset({'communication'}),0.02003,0.29035,0.01416,0.706939590614079,2.4347841936079866,1.0,0.008344289500000001,2.4215143952299836,0.6013306342422912,0.04780230909459186,0.5870352858649742,0.3778541590060235
"frozenset({'leadership', 'data analysis'})",frozenset({'communication'}),0.01617,0.29035,0.01243,0.7687074829931972,2.647520175626648,1.0,0.0077350405,3.068192647058823,0.6325158341353131,0.042265973001462134,0.6740752243968114,0.40575894211654007
frozenset({'risk management'}),frozenset({'communication'}),0.03925,0.29035,0.017405,0.4434394904458599,1.5272584482378506,1.0,0.0060087625000000006,1.275063515678645,0.3593359079581712,0.05575041240250485,0.21572534410746128,0.25169219226959777
frozenset({'safety'}),frozenset({'communication'}),0.02246,0.29035,0.012005,0.5345057880676759,1.8409016293014497,1.0,0.005483739,1.5245087517934004,0.4672831001281707,0.0399095759711441,0.344050994247412,0.28792621933089324
frozenset({'quality control'}),frozenset({'communication'}),0.026635,0.29035,0.011055,0.4150553782616858,1.429500183439593,1.0,0.003321527750000001,1.2131917682926832,0.30867638985454005,0.036135717320955774,0.17572800431436034,0.22656505782379968
frozenset({'leadership'}),frozenset({'communication'}),0.153375,0.29035,0.0946,0.6167889160554197,2.1242945274855165,1.0,0.05006756875,1.8518514461931095,0.6251356664582571,0.27096312209094164,0.4599998817098848,0.4713012946042554
"frozenset({'customer service', 'leadership'})",frozenset({'communication'}),0.04298,0.29035,0.031405,0.7306886924150768,2.5165789303085133,1.0,0.018925757,2.635054600431966,0.6296996443522139,0.10401589798791092,0.6205012223139249,0.4194256274198684
"frozenset({'communication', 'customer service', 'leadership'})",frozenset({'teamwork'}),0.031405,0.17344,0.01412,0.4496099347237701,2.5923082029737663,1.0,0.0086731168,1.5017712930286375,0.6341591681078549,0.07403329400969982,0.3341196461524512,0.26551068691908064
"frozenset({'customer service', 'leadership', 'teamwork'})",frozenset({'communication'}),0.0166,0.29035,0.01412,0.8506024096385543,2.9295760621269307,1.0,0.00930019,4.750076612903228,0.6697718961964071,0.048219103233958276,0.7894770797414983,0.44961668613493067
"frozenset({'leadership', 'teamwork'})",frozenset({'communication'}),0.048695,0.29035,0.0377,0.7742067974124652,2.666460469820786,1.0,0.023561406749999996,3.1429201227830816,0.65696175393408,0.12510577577195572,0.6818245577572962,0.4520250449951942
frozenset({'microsoft office suite'}),frozenset({'communication'}),0.0583,0.29035,0.02591,0.4444253859348199,1.5306539897875664,1.0,0.008982595,1.2773261809200371,0.36814748301467654,0.08028134101753732,0.21711461415461128,0.26683125676971753
"frozenset({'communication', 'microsoft office suite'})",frozenset({'teamwork'}),0.02591,0.17344,0.01074,0.41451177151678886,2.3899433320848065,1.0,0.0062461695999999995,1.4117448648648647,0.5970495921772606,0.05694289804358199,0.29165671157180223,0.2382176016255531
"frozenset({'microsoft office suite', 'teamwork'})",frozenset({'communication'}),0.01694,0.29035,0.01074,0.6340023612750885,2.1835796840884742,1.0,0.005821471,1.9389469354838706,0.5513767277267223,0.03621648963075367,0.48425612805620866,0.3354961005617736
"frozenset({'communication', 'microsoft office suite'})",frozenset({'time management'}),0.02591,0.12239,0.01049,0.40486298726360476,3.3079744036572003,1.0,0.0073188750999999995,1.474635220492866,0.7162584568065146,0.07611929468108265,0.32186619029364383,0.2452863020311814
"frozenset({'microsoft office suite', 'time management'})",frozenset({'communication'}),0.017515,0.29035,0.01049,0.5989152155295461,2.06273537292766,1.0,0.00540451975,1.7693266548042703,0.5243915579855914,0.035275325767129044,0.4348132396668021,0.31752201279318704
frozenset({'scheduling'}),frozenset({'communication'}),0.025895,0.29035,0.01475,0.5696080324386946,1.961797941927655,1.0,0.007231386749999999,1.648845827725437,0.5032963679219142,0.048922867709248904,0.3935151587947504,0.3102043950724556
frozenset({'project management'}),frozenset({'communication'}),0.121405,0.29035,0.05005,0.41225649684938837,1.4198605023226738,1.0,0.014800058249999998,1.2074144523859573,0.336566289974857,0.13837243057187487,0.17178397357766276,0.2923173305669363
"frozenset({'project management', 'teamwork'})",frozenset({'communication'}),0.02272,0.29035,0.01468,0.6461267605633803,2.2253375600598595,1.0,0.008083248000000001,2.005379104477612,0.5634311279797435,0.04919735916082979,0.5013411689753826,0.34834321496397014
"frozenset({'project management', 'time management'})",frozenset({'communication'}),0.019345,0.29035,0.01122,0.5799948307056086,1.9975713129175432,1.0,0.0056031792500000005,1.6896220615384614,0.5092434036616601,0.03759108803082336,0.40815166730868546,0.3093189238769993
"frozenset({'project management', 'attention to detail'})",frozenset({'communication'}),0.019315,0.29035,0.010565,0.5469842091638623,1.883878798566772,1.0,0.00495688975,1.5665016857142857,0.4784209901131023,0.0353226345703778,0.3616349033521627,0.29168566407908975
"frozenset({'communication', 'project management'})",frozenset({'leadership'}),0.05005,0.153375,0.020465,0.4088911088911089,2.665956700186529,1.0,0.01278858125,1.4322657174243705,0.6578242374606701,0.11185505028421512,0.3018055324271181,0.27116112086772237
"frozenset({'leadership', 'project management'})",frozenset({'communication'}),0.02996,0.29035,0.020465,0.6830774365821095,2.352600091551953,1.0,0.011766114000000001,2.2391905213270142,0.5926955410132022,0.06825193016391803,0.5534100423900649,0.376780667662503
frozenset({'documentation'}),frozenset({'communication'}),0.020615,0.29035,0.01035,0.5020616056269707,1.7291599987152426,1.0,0.004364434749999999,1.4251763029712616,0.43056052207069995,0.03442941968963625,0.29833242531807325,0.2688541195002427
frozenset({'problemsolving skills'}),frozenset({'communication skills'}),0.031715,0.16648,0.022645,0.7140154501024751,4.288896264431014,1.0,0.0173650868,2.914563042998897,0.7919566854807278,0.12899458843634293,0.656895395554366,0.4250188975644524
frozenset({'verbal communication'}),frozenset({'written communication'}),0.02252,0.0248,0.019585,0.8696714031971582,35.06739529020799,1.0,0.019026504000000003,7.482624872231693,0.9938653294766432,0.7061474670993331,0.8663570582415486,0.8296945725663211
frozenset({'written communication'}),frozenset({'verbal communication'}),0.0248,0.02252,0.019585,0.7897177419354839,35.06739529020799,1.0,0.019026504000000003,4.648418791946311,0.9961889686800958,0.7061474670993331,0.7848730837822604,0.8296945725663211
frozenset({'time management'}),frozenset({'communication'}),0.12239,0.29035,0.069215,0.5655282294305091,1.9477466141915243,1.0,0.0336790635,1.633362736248237,0.5544446795147094,0.20148460810712468,0.38776612334321015,0.40195646877070484
"frozenset({'communication', 'time management'})",frozenset({'customer service'}),0.069215,0.168875,0.0282,0.40742613595318933,2.412589998242424,1.0,0.016511316875,1.4025677648421309,0.6290471919969026,0.13435609128591167,0.28702197136795227,0.28720677634076935
"frozenset({'customer service', 'time management'})",frozenset({'communication'}),0.041965,0.29035,0.0282,0.6719885618968188,2.3144086857131696,1.0,0.01601546225,2.1634916273156555,0.5928010910482513,0.09272807983821908,0.5377842061534824,0.384556361196386
"frozenset({'customer service', 'attention to detail'})",frozenset({'time management'}),0.03619,0.12239,0.016115,0.44528875379939215,3.6382772595750645,1.0,0.011685705900000001,1.5821024109589044,0.7523730212782864,0.11311550205313586,0.36792966556829587,0.2884790039117069
"frozenset({'customer service', 'time management'})",frozenset({'teamwork'}),0.041965,0.17344,0.018905,0.4504944596687716,2.597408093108692,1.0,0.011626590400000001,1.5041886556808328,0.6419398191081875,0.0962086513994911,0.3351897740862994,0.27974734514803895
"frozenset({'communication', 'customer service', 'attention to detail'})",frozenset({'time management'}),0.02238,0.12239,0.01149,0.5134048257372654,4.194826584992772,1.0,0.0087509118,1.8035731680440772,0.7790461761373587,0.08620948379351741,0.4455450892050745,0.30364252235470185
"frozenset({'communication', 'customer service', 'time management'})",frozenset({'attention to detail'}),0.0282,0.12316,0.01149,0.4074468085106383,3.308272235390048,1.0,0.008016888,1.4797658886894074,0.7179742901251318,0.08214770858654466,0.32421742679466986,0.25037004277431885
"frozenset({'communication', 'attention to detail', 'time management'})",frozenset({'customer service'}),0.025725,0.168875,0.01149,0.4466472303206997,2.644839261706586,1.0,0.007145690625,1.5019803740779767,0.6383261289626021,0.0627491671672765,0.3342123390834107,0.25734286016405084
"frozenset({'customer service', 'attention to detail', 'time management'})",frozenset({'communication'}),0.016115,0.29035,0.01149,0.7130003102699348,2.4556580343376435,1.0,0.00681100975,2.4726507567567566,0.6024862415882424,0.038952453597762525,0.5955757208059393,0.37628661974664296
"frozenset({'communication', 'customer service', 'teamwork'})",frozenset({'time management'}),0.03547,0.12239,0.01429,0.4028756695799267,3.2917368214717437,1.0,0.0099488267,1.469727417374882,0.7218116660944818,0.0995333286898377,0.3196017246612125,0.25981678731876473
"frozenset({'communication', 'customer service', 'time management'})",frozenset({'teamwork'}),0.0282,0.17344,0.01429,0.5067375886524823,2.9216881264557326,1.0,0.009398992,1.6757003594536306,0.6768183992219498,0.0762743528155858,0.40323459718893034,0.294564596909267
"frozenset({'communication', 'teamwork', 'time management'})",frozenset({'customer service'}),0.03301,0.168875,0.01429,0.4328991214783399,2.5634292907673717,1.0,0.00871543625,1.4655681757478634,0.6307175547105255,0.07617473813267946,0.31767077332331467,0.25875896118328545
"frozenset({'customer service', 'teamwork', 'time management'})",frozenset({'communication'}),0.018905,0.29035,0.01429,0.755884686590849,2.603356936768896,1.0,0.00880093325,2.9070277898158174,0.6277481419546534,0.04844642584713441,0.6560060404295764,0.4025505747402325
"frozenset({'teamwork', 'attention to detail'})",frozenset({'time management'}),0.049135,0.12239,0.021895,0.4456090363284828,3.6408941607033483,1.0,0.01588136735,1.583016422540382,0.7628235286449383,0.14632760809997997,0.36829461415490117,0.3122521854573209
"frozenset({'attention to detail', 'time management'})",frozenset({'teamwork'}),0.042295,0.17344,0.021895,0.5176734838633409,2.9847410278098527,1.0,0.014559355200000002,1.7136938823529413,0.6943292116691118,0.11295398266611638,0.4164652098617655,0.3219565528172793
"frozenset({'teamwork', 'time management'})",frozenset({'attention to detail'}),0.0487,0.12316,0.021895,0.4495893223819302,3.650449191149157,1.0,0.015897108,1.5930650251818692,0.763230431874729,0.14600073350448436,0.3722792326786304,0.3136830989954471
"frozenset({'communication', 'attention to detail'})",frozenset({'time management'}),0.0575,0.12239,0.025725,0.4473913043478261,3.6554563636557407,1.0,0.018687575,1.5881219512195124,0.7707547437315206,0.1668666688288522,0.37032543424508163,0.3287900226290156
"frozenset({'attention to detail', 'time management'})",frozenset({'communication'}),0.042295,0.29035,0.025725,0.6082279229223313,2.0948094469513734,1.0,0.013444646750000002,1.8113848370549188,0.5457104340826044,0.08381662974064905,0.4479361980163902,0.3484139442405698
"frozenset({'communication', 'teamwork', 'attention to detail'})",frozenset({'time management'}),0.030185,0.12239,0.01529,0.5065429849262879,4.138761213549211,1.0,0.01159565785,1.7784933098355153,0.781986057517655,0.11137414866882762,0.43772630772927373,0.3157357460786354
"frozenset({'communication', 'attention to detail', 'time management'})",frozenset({'teamwork'}),0.025725,0.17344,0.01529,0.594363459669582,3.4269110912683463,1.0,0.010828256,2.037686248203162,0.7268912996112099,0.08315431679129844,0.5092473137698195,0.34126037374623014
"frozenset({'communication', 'teamwork', 'time management'})",frozenset({'attention to detail'}),0.03301,0.12316,0.01529,0.4631929718267192,3.7609042856992465,1.0,0.0112244884,1.6334361399548532,0.759166590120925,0.1085320840431573,0.38779363604160305,0.29367021114882563
"frozenset({'teamwork', 'attention to detail', 'time management'})",frozenset({'communication'}),0.021895,0.29035,0.01529,0.6983329527289335,2.405141907108433,1.0,0.00893278675,2.3524279712339133,0.5973020453529839,0.051489282887979666,0.574907282081214,0.3754967673925363
"frozenset({'communication', 'time management'})",frozenset({'teamwork'}),0.069215,0.17344,0.03301,0.4769197428303113,2.7497678899349127,1.0,0.021005350399999997,1.580178163237122,0.6836519083707503,0.15745665291325808,0.36715996761313313,0.3336224636660782
"frozenset({'teamwork', 'time management'})",frozenset({'communication'}),0.0487,0.29035,0.03301,0.67782340862423,2.3345045931607715,1.0,0.018869954999999997,2.2026739961759083,0.6009078028494179,0.10786171742255912,0.5460063533068836,0.39575689115557977
"frozenset({'leadership', 'time management'})",frozenset({'communication'}),0.03204,0.29035,0.024965,0.7791822721598003,2.683596597760635,1.0,0.015662186,3.213736537102474,0.6481318980669387,0.08393712700680844,0.6888357248781798,0.43258235357602554
"frozenset({'leadership', 'time management'})",frozenset({'teamwork'}),0.03204,0.17344,0.016495,0.5148252184769039,2.9683188334692336,1.0,0.010937982399999999,1.7036334770022514,0.6850582321102529,0.0872820594227055,0.41301928290372614,0.3049650769506291
"frozenset({'leadership', 'attention to detail'})",frozenset({'time management'}),0.024515,0.12239,0.011675,0.4762390373240873,3.8911597134086713,1.0,0.00867460915,1.6755926129283487,0.7616797877043516,0.08633439325593432,0.4031962230650144,0.2858154088491504
"frozenset({'leadership', 'time management'})",frozenset({'customer service'}),0.03204,0.168875,0.01305,0.4073033707865169,2.411863039446436,1.0,0.007639245000000001,1.4022772511848343,0.6047592448248789,0.0694647752375376,0.2868742617374245,0.24228973128519035
"frozenset({'communication', 'leadership', 'time management'})",frozenset({'teamwork'}),0.024965,0.17344,0.01363,0.5459643500901261,3.147857184560229,1.0,0.009300070399999999,1.8204737891486542,0.6997939359484436,0.07376539033960222,0.45069244832816263,0.3122753023513361
"frozenset({'communication', 'teamwork', 'time management'})",frozenset({'leadership'}),0.03301,0.153375,0.01363,0.4129051802484096,2.6921283145780577,1.0,0.008567091249999999,1.4420583720330238,0.6500032886766027,0.07889786113281815,0.30654679491913134,0.25088616795631563
"frozenset({'leadership', 'teamwork', 'time management'})",frozenset({'communication'}),0.016495,0.29035,0.01363,0.8263110033343438,2.8459135640927977,1.0,0.00884067675,4.085751047120421,0.6594973933626512,0.04648466142591613,0.7552469574217485,0.43662717378702726
"frozenset({'leadership', 'time management'})","frozenset({'communication', 'teamwork'})",0.03204,0.101345,0.01363,0.42540574282147314,4.197599712087159,1.0,0.0103829062,1.5639818685497011,0.786983566834268,0.11381570706859839,0.3606063982523584,0.27994841879837284
"frozenset({'communication', 'leadership', 'time management'})",frozenset({'customer service'}),0.024965,0.168875,0.01103,0.44181854596435005,2.6162460160731316,1.0,0.006814035625,1.4889871277359166,0.6335905365202944,0.06033586784092774,0.32840252184009633,0.2535665638778079
"frozenset({'customer service', 'leadership', 'time management'})",frozenset({'communication'}),0.01305,0.29035,0.01103,0.8452107279693486,2.911006467950228,1.0,0.0072409325,4.584620049504949,0.6651564935095654,0.03772616889557752,0.7818794165706314,0.44159968118804954
frozenset({'organization'}),frozenset({'communication'}),0.037455,0.29035,0.024685,0.659057535709518,2.269872690578674,1.0,0.013809940749999998,2.081436237274862,0.5812161071839825,0.08143639482713116,0.5195625106876882,0.3720378086675711
frozenset({'organization'}),frozenset({'time management'}),0.037455,0.12239,0.015475,0.4131624616206114,3.375786106876472,1.0,0.010890882549999998,1.4954905618744312,0.7311582327380601,0.10718985938906972,0.33132309524801606,0.26980126512683483
"frozenset({'communication', 'organization'})",frozenset({'time management'}),0.024685,0.12239,0.01109,0.44926068462629126,3.6707303262218423,1.0,0.008068802849999999,1.5935125303420374,0.7459893965865699,0.08155311247564068,0.372455515122083,0.2699363313645387
"frozenset({'organization', 'time management'})",frozenset({'communication'}),0.015475,0.29035,0.01109,0.7166397415185783,2.4681926692563403,1.0,0.0065968337499999995,2.5044090649942987,0.6041951636195921,0.037627020883166225,0.6007042084387774,0.3774175115376601
"frozenset({'communication', 'organization'})",frozenset({'teamwork'}),0.024685,0.17344,0.01018,0.412396192019445,2.377745572067833,1.0,0.0058986336,1.40666208893485,0.5940988870181854,0.054164782250126366,0.2890972125670792,0.23554542073296972
"frozenset({'organization', 'teamwork'})",frozenset({'communication'}),0.01379,0.29035,0.01018,0.73821609862219,2.542504214300637,1.0,0.0061760734999999995,2.710823684210526,0.6151701810800008,0.034630561981221934,0.6311084317934051,0.38663861586869785
frozenset({'sales'}),frozenset({'customer service'}),0.07025,0.168875,0.040025,0.5697508896797152,3.373802455542355,1.0,0.028161531249999996,1.9317297353184446,0.7567609918444692,0.20102963335007534,0.48232924010192835,0.4033802560907829
frozenset({'sales'}),frozenset({'communication'}),0.07025,0.29035,0.038945,0.5543772241992883,1.9093412233486766,1.0,0.0185479125,1.5924904168663152,0.512244310315383,0.12107693025135625,0.3720527361365296,0.3442542225697664
"frozenset({'communication', 'sales'})",frozenset({'customer service'}),0.038945,0.168875,0.02518,0.6465528309153935,3.8285881919490365,1.0,0.018603163125000002,2.3514829731202327,0.7687459237824875,0.13786684187472625,0.5747364486874941,0.39782859902542433
"frozenset({'customer service', 'sales'})",frozenset({'communication'}),0.040025,0.29035,0.02518,0.629106808244847,2.166718816066289,1.0,0.013558741250000002,1.9133540754462783,0.5609236146170655,0.0825046281885352,0.4773575822515987,0.3579148644289501
"frozenset({'sales', 'problem solving'})",frozenset({'communication'}),0.01322,0.29035,0.01055,0.7980332829046899,2.748521725175443,1.0,0.006711573,3.5136977528089894,0.6446908701757615,0.03600436830250495,0.7153995390751636,0.4171843700557546
"frozenset({'sales', 'time management'})",frozenset({'communication'}),0.01505,0.29035,0.010925,0.7259136212624585,2.5001330162302686,1.0,0.006555232500000001,2.5891472727272733,0.6091895847144839,0.03709992359283471,0.6137724529873296,0.38177031157836205
"frozenset({'sales', 'time management'})",frozenset({'customer service'}),0.01505,0.168875,0.01055,0.7009966777408638,4.150979586918512,1.0,0.00800843125,2.7796513888888894,0.7706919229185979,0.06085075702956021,0.6402426563283066,0.3817344602619937
"frozenset({'sales', 'teamwork'})",frozenset({'communication'}),0.017775,0.29035,0.01376,0.7741209563994375,2.666164823142543,1.0,0.008599028750000001,3.141725716064758,0.636238555291232,0.04674468771762948,0.6817035952926618,0.4107560180653981
"frozenset({'sales', 'teamwork'})",frozenset({'customer service'}),0.017775,0.168875,0.01233,0.6936708860759494,4.107599621471203,1.0,0.009328246875000001,2.7131766528925625,0.770239826789802,0.07073198715006886,0.6314283484144375,0.3833417346738
"frozenset({'sales', 'leadership'})",frozenset({'communication'}),0.015455,0.29035,0.011725,0.7586541572306696,2.612895323680626,1.0,0.00723764075,2.940386260053619,0.6269726555687879,0.03987010337323177,0.6599086271129002,0.39951822722907687
"frozenset({'sales', 'leadership'})",frozenset({'customer service'}),0.015455,0.168875,0.010805,0.6991264962795212,4.1399052333354325,1.0,0.008195036875,2.762373521505376,0.7703544043671576,0.06226768477164674,0.6379924755957541,0.3815543658303601
frozenset({'training'}),frozenset({'communication'}),0.054365,0.29035,0.02619,0.48174376896900584,1.659182948059259,1.0,0.010405122250000003,1.3693033629103817,0.4201343112628875,0.08222274546738875,0.269701640201516,0.2859726249701237
"frozenset({'communication', 'training'})",frozenset({'customer service'}),0.02619,0.168875,0.01169,0.4463535700649103,2.6431003408728957,1.0,0.007267163750000001,1.5011837068965517,0.6383754912413597,0.06374914792092708,0.3338590104555997,0.2577881839961857
"frozenset({'customer service', 'training'})",frozenset({'communication'}),0.017675,0.29035,0.01169,0.6613861386138614,2.2778926764727445,1.0,0.006558063750000001,2.0957500000000002,0.571091802093012,0.039448597027013345,0.5228438506501253,0.3508239458352586
"frozenset({'communication', 'training'})",frozenset({'leadership'}),0.02619,0.153375,0.013455,0.5137457044673539,3.3496052451009217,1.0,0.00943810875,1.741115724381625,0.7203226069351637,0.08100054180964421,0.42565563793574945,0.3007359329182735
"frozenset({'leadership', 'training'})",frozenset({'communication'}),0.019685,0.29035,0.013455,0.683515367030734,2.3541083762036648,1.0,0.00773946025,2.242288964686998,0.58676111343965,0.04536718591948209,0.5540271500468316,0.36492799520815156
frozenset({'problem solving'}),frozenset({'communication'}),0.120525,0.29035,0.077235,0.6408214063472308,2.207065287918825,1.0,0.04224056625,1.9757580561330559,0.6218592258438933,0.23149202733485194,0.4938651537338559,0.4534139750868236
"frozenset({'communication', 'problem solving'})",frozenset({'leadership'}),0.077235,0.153375,0.03215,0.41626205735741567,2.7140150438951305,1.0,0.020304081874999998,1.4503511561494953,0.6844019923925472,0.16199737982464976,0.3105118055306844,0.312939504636328
"frozenset({'problem solving', 'leadership'})",frozenset({'communication'}),0.04005,0.29035,0.03215,0.8027465667915105,2.7647548365473065,1.0,0.020521482499999997,3.5976560126582253,0.6649349203889491,0.10779547359597652,0.7220412411632642,0.45673749899761507
"frozenset({'problem solving', 'leadership'})",frozenset({'teamwork'}),0.04005,0.17344,0.01749,0.4367041198501872,2.517897369984935,1.0,0.010543727999999999,1.4673638297872338,0.627994400437344,0.08923469387755101,0.3185057586263395,0.26877295475904195
"frozenset({'communication', 'problem solving', 'teamwork'})",frozenset({'leadership'}),0.03313,0.153375,0.01505,0.45427105342589796,2.9618324591745586,1.0,0.009968686249999999,1.5513653899336284,0.6850674645009084,0.08777813420431016,0.3554065299582436,0.27619828139917557
"frozenset({'communication', 'problem solving', 'leadership'})",frozenset({'teamwork'}),0.03215,0.17344,0.01505,0.4681181959564541,2.6990209637710683,1.0,0.009473903999999998,1.5540294736842104,0.6504058298207641,0.07898603967670831,0.3565115611164998,0.277445859970847
"frozenset({'problem solving', 'teamwork', 'leadership'})",frozenset({'communication'}),0.01749,0.29035,0.01505,0.8604917095483133,2.9636359894896276,1.0,0.0099717785,5.086794467213116,0.674371400309689,0.051402028757812766,0.8034125407571526,0.45616285150224345
"frozenset({'problem solving', 'teamwork'})",frozenset({'time management'}),0.04441,0.12239,0.017825,0.4013735645124972,3.279463718543159,1.0,0.012389660100000002,1.466039499717886,0.7273748107155464,0.11965094814566203,0.31789013857236953,0.27350727412649944
"frozenset({'problem solving', 'time management'})",frozenset({'teamwork'}),0.037985,0.17344,0.017825,0.4692641832302225,2.7056283627203785,1.0,0.011236881600000002,1.557385,0.6552913309684059,0.09207128099173555,0.3578980149417133,0.28601873829407803
"frozenset({'problem solving', 'time management'})",frozenset({'communication'}),0.037985,0.29035,0.02659,0.7000131630906937,2.410928751819162,1.0,0.01556105525,2.365603795524353,0.6083294806946254,0.08812076422144526,0.5772749427051275,0.3957961458642723
"frozenset({'leadership', 'time management'})",frozenset({'problem solving'}),0.03204,0.120525,0.01363,0.42540574282147314,3.5296058313335257,1.0,0.009768379,1.5306017925040738,0.7404048153308908,0.09810342966135242,0.3466622050899379,0.26924715682869965
"frozenset({'communication', 'problem solving', 'teamwork'})",frozenset({'time management'}),0.03313,0.12239,0.01365,0.41201328101418655,3.366396609316011,1.0,0.0095952193,1.49256772587269,0.7270330746268566,0.09621484457602031,0.3300136518660755,0.261771000340413
"frozenset({'communication', 'problem solving', 'time management'})",frozenset({'teamwork'}),0.02659,0.17344,0.01365,0.5133508837908989,2.9598182875397767,1.0,0.0090382304,1.6984722102009275,0.680228702443391,0.0732374718317416,0.4112355833707158,0.29602622602829076
"frozenset({'communication', 'teamwork', 'time management'})",frozenset({'problem solving'}),0.03301,0.120525,0.01365,0.41351105725537723,3.430915223027399,1.0,0.009671469750000002,1.4995593879132234,0.7327196583393649,0.09758015512742611,0.3331374481996387,0.26338278438375584
"frozenset({'problem solving', 'teamwork', 'time management'})",frozenset({'communication'}),0.017825,0.29035,0.01365,0.7657784011220197,2.6374320686138097,1.0,0.00847451125,3.029823053892216,0.6321106880324942,0.04634581105169341,0.6699477222884798,0.4063953138725304
"frozenset({'communication', 'problem solving', 'time management'})",frozenset({'leadership'}),0.02659,0.153375,0.01141,0.42910868747649494,2.7977746534734793,1.0,0.0073317587499999995,1.4829880599472989,0.6601258173501232,0.06769303788081041,0.32568573745931784,0.2517507577561774
"frozenset({'communication', 'leadership', 'time management'})",frozenset({'problem solving'}),0.024965,0.120525,0.01141,0.45703985579811734,3.79207513626316,1.0,0.008401093375,1.619778190704537,0.7551443230737392,0.08509844868735084,0.38263151971132475,0.27585450578746357
"frozenset({'problem solving', 'time management', 'leadership'})",frozenset({'communication'}),0.01363,0.29035,0.01141,0.8371239911958914,2.883154782834136,1.0,0.0074525295,4.356995270270271,0.6621832705099161,0.038999213863348946,0.7704840290226047,0.4382106954429604
"frozenset({'problem solving', 'attention to detail'})",frozenset({'time management'}),0.03243,0.12239,0.01595,0.49182855380820223,4.018535450675727,1.0,0.011980892299999999,1.726995891990291,0.7763294875379075,0.11485562036436953,0.4209598270395759,0.311074829236808
"frozenset({'problem solving', 'time management'})",frozenset({'attention to detail'}),0.037985,0.12316,0.01595,0.41990259312886663,3.4094072192990144,1.0,0.011271767399999999,1.5115392511912866,0.7345975695573801,0.10985226764007022,0.3384227374764685,0.27470446317696984
"frozenset({'problem solving', 'attention to detail'})",frozenset({'teamwork'}),0.03243,0.17344,0.016535,0.5098674067221709,2.9397336642191587,1.0,0.010910340800000001,1.6864008052846808,0.6819487269394733,0.08733197771146381,0.407021156022758,0.3026014847263991
"frozenset({'problem solving', 'attention to detail'})",frozenset({'communication'}),0.03243,0.29035,0.02241,0.6910268270120259,2.379978739493804,1.0,0.0129939495,2.296801347305389,0.5992622542908559,0.07460798348703265,0.5646118889762923,0.38410476876690497
"frozenset({'leadership', 'attention to detail'})",frozenset({'problem solving'}),0.024515,0.120525,0.010525,0.42932898225576177,3.562157081566163,1.0,0.007570329625,1.5411243477483918,0.7373472921448405,0.07824406200052039,0.3511230930450118,0.2583276315551781
"frozenset({'communication', 'problem solving', 'attention to detail'})",frozenset({'time management'}),0.02241,0.12239,0.011675,0.5209727800089246,4.256661328612832,1.0,0.008932240099999999,1.8320670796460177,0.7826124433566941,0.08769953051643192,0.45416845752546636,0.30818228019156907
"frozenset({'communication', 'problem solving', 'time management'})",frozenset({'attention to detail'}),0.02659,0.12316,0.011675,0.43907484016547577,3.5650766496060062,1.0,0.0084001756,1.5632031914180358,0.7391552604305222,0.08455549520188303,0.3602878976386522,0.26693511413924975
"frozenset({'communication', 'attention to detail', 'time management'})",frozenset({'problem solving'}),0.025725,0.120525,0.011675,0.4538386783284742,3.765514858564399,1.0,0.008574494375,1.610284297153025,0.753824193765781,0.0867545978079138,0.37899164652602313,0.2753532740325217
"frozenset({'problem solving', 'attention to detail', 'time management'})",frozenset({'communication'}),0.01595,0.29035,0.011675,0.731974921630094,2.521008857000496,1.0,0.0070439175,2.6477,0.6131125498815313,0.03962664403903266,0.6223137062356007,0.38609250644962595
"frozenset({'communication', 'problem solving', 'attention to detail'})",frozenset({'teamwork'}),0.02241,0.17344,0.01239,0.5528781793842035,3.18772013021335,1.0,0.008503209599999999,1.8486237125748501,0.702028636068434,0.06753515752752644,0.4590570308074471,0.3121574937511423
"frozenset({'communication', 'teamwork', 'attention to detail'})",frozenset({'problem solving'}),0.030185,0.120525,0.01239,0.4104687758820606,3.405673311612202,1.0,0.008751952875,1.4918208977240799,0.7283577860678578,0.08957489878542511,0.32967824654715666,0.25663451239653745
"frozenset({'teamwork', 'problem solving', 'attention to detail'})",frozenset({'communication'}),0.016535,0.29035,0.01239,0.7493196250377986,2.580746082444631,1.0,0.007589062749999999,2.8308957177322074,0.6228133724631536,0.042072021596291954,0.6467549144476835,0.39599613075551027
"frozenset({'problem solving', 'project management'})",frozenset({'communication'}),0.024535,0.29035,0.016675,0.6796413287140819,2.340765726585438,1.0,0.009551262749999997,2.215173377862595,0.587196229813312,0.055916971261862444,0.5485680669542478,0.3685360079079278
"frozenset({'problem solving', 'project management'})",frozenset({'leadership'}),0.024535,0.153375,0.010185,0.4151212553495007,2.7065770519934844,1.0,0.006421944374999999,1.447522256097561,0.646388788091072,0.060724400059621396,0.30916433527181536,0.2407635616600804
"frozenset({'communication', 'problem solving'})",frozenset({'teamwork'}),0.077235,0.17344,0.03313,0.42895060529552664,2.4731930655876764,1.0,0.0197343616,1.4474404625325925,0.645521233299004,0.15229033073616954,0.3091252967667521,0.3099838358580954
"frozenset({'problem solving', 'teamwork'})",frozenset({'communication'}),0.04441,0.29035,0.03313,0.7460031524431434,2.5693237556161304,1.0,0.0202355565,2.793932313829787,0.6391784441334882,0.10983655471935815,0.6420815225014351,0.43005341021502785
"frozenset({'customer service', 'problem solving'})",frozenset({'teamwork'}),0.03664,0.17344,0.01501,0.4096615720524018,2.3619786211508402,1.0,0.008655158400000001,1.4001460194174755,0.5985572813606741,0.07694673706874455,0.28578877764760185,0.2481022343656843
"frozenset({'customer service', 'problem solving'})",frozenset({'communication'}),0.03664,0.29035,0.02686,0.7330786026200873,2.524810065851859,1.0,0.016221576,2.6586478527607356,0.626900227461517,0.08949455236064371,0.6238689531742229,0.4127938217164497
"frozenset({'customer service', 'problem solving'})",frozenset({'time management'}),0.03664,0.12239,0.015095,0.41198144104803497,3.366136457619372,1.0,0.010610630400000001,1.49248690647482,0.7296581870706584,0.10487372772432,0.3299773715523239,0.2676583404276044
"frozenset({'communication', 'customer service', 'problem solving'})",frozenset({'teamwork'}),0.02686,0.17344,0.012235,0.45551005212211465,2.6263264075306423,1.0,0.007576401599999999,1.5180445538461538,0.6363318909371177,0.06505729402068433,0.341257805993654,0.26302658971419385
"frozenset({'customer service', 'problem solving', 'teamwork'})",frozenset({'communication'}),0.01501,0.29035,0.012235,0.8151232511658894,2.8073816124191127,1.0,0.0078768465,3.838503243243242,0.6536068380672604,0.04173987206823027,0.7394817884392156,0.42863102458415014
"frozenset({'communication', 'customer service', 'problem solving'})",frozenset({'leadership'}),0.02686,0.153375,0.01184,0.4408041697691735,2.8740288167509274,1.0,0.0077203474999999995,1.5140044940079895,0.670054027877992,0.07031087621366429,0.3394999790570484,0.2590002918935517
"frozenset({'customer service', 'problem solving', 'leadership'})",frozenset({'communication'}),0.013665,0.29035,0.01184,0.8664471276984999,2.9841471592853446,1.0,0.00787236725,5.31362589041096,0.6741075624421229,0.040523658766150425,0.8118045905707036,0.45361274931506707
"frozenset({'communication', 'customer service', 'problem solving'})",frozenset({'time management'}),0.02686,0.12239,0.01151,0.428518242740134,3.5012520854655937,1.0,0.008222604599999999,1.535674566775244,0.7341059752886063,0.0835632350805866,0.3488203675210333,0.2612809368778699
"frozenset({'communication', 'customer service', 'time management'})",frozenset({'problem solving'}),0.0282,0.120525,0.01151,0.40815602836879433,3.3864843672996834,1.0,0.008111195,1.485991312162972,0.7251579690629354,0.08388295740261632,0.32704855552323187,0.2518274437633227
"frozenset({'communication', 'problem solving', 'time management'})",frozenset({'customer service'}),0.02659,0.168875,0.01151,0.4328694998119594,2.5632538848968727,1.0,0.00701961375,1.4654916279840848,0.6265303142085856,0.06256965018618683,0.31763513287647394,0.25051321030568363
"frozenset({'customer service', 'problem solving', 'time management'})",frozenset({'communication'}),0.015095,0.29035,0.01151,0.7625041404438555,2.6261551246559516,1.0,0.0071271667499999995,2.988052092050208,0.6287054918495117,0.03915831731505265,0.6653338130682104,0.40107297602526853
frozenset({'analytical skills'}),frozenset({'communication skills'}),0.055325,0.16648,0.0227,0.4103027564392228,2.4645768647238278,1.0,0.013489494000000003,1.41347108045977,0.6290532056044728,0.11401019562542379,0.29252178284770947,0.27332773574003427
frozenset({'research'}),frozenset({'communication'}),0.026495,0.29035,0.01292,0.48763917720324584,1.6794874365532835,1.0,0.005227176749999999,1.3850590607734803,0.41559133626231964,0.04251048778481533,0.27800912732085653,0.2660685984173625
frozenset({'compliance'}),frozenset({'communication'}),0.023355,0.29035,0.010855,0.46478270177692144,1.600767011458314,1.0,0.00407387575,1.3259100600000002,0.3842741940932364,0.03584282648175664,0.24580103118004853,0.2510843076647652
frozenset({'collaboration'}),frozenset({'communication'}),0.070025,0.29035,0.041935,0.5988575508746876,2.0625367689846312,1.0,0.02160324125,1.7690723122107512,0.5539505455294527,0.13168885818364526,0.43473198178635614,0.3716433440614182
"frozenset({'collaboration', 'problemsolving'})",frozenset({'communication'}),0.01485,0.29035,0.01176,0.7919191919191919,2.727464067226423,1.0,0.007448302499999999,3.4104538834951454,0.6429062133913099,0.0400763358778626,0.7067838961730316,0.41621101665875215
"frozenset({'leadership', 'collaboration'})",frozenset({'communication'}),0.02039,0.29035,0.01514,0.7425208435507603,2.5573302688161195,1.0,0.009219763500000002,2.75614542857143,0.6216424965819238,0.05121786197564276,0.6371744431068278,0.39733240386596047
"frozenset({'project management', 'collaboration'})",frozenset({'communication'}),0.015155,0.29035,0.010235,0.6753546684262619,2.3260019577277835,1.0,0.005834745749999999,2.185923932926829,0.5788502230541769,0.03466318962305687,0.5425275395283053,0.3553026140478132
"frozenset({'teamwork', 'collaboration'})",frozenset({'communication'}),0.01877,0.29035,0.01282,0.6830047948854555,2.3523499048922183,1.0,0.0073701305000000005,2.2386773949579832,0.5858903363400927,0.04326695916301046,0.5533076796807659,0.3635792013001412
"frozenset({'problem solving', 'collaboration'})",frozenset({'communication'}),0.01698,0.29035,0.012805,0.7541224970553594,2.5972877460146697,1.0,0.007874857,2.886193293413175,0.6256057612258492,0.043476784653255246,0.6535228592339314,0.39911222149134423
frozenset({'presentation skills'}),frozenset({'communication skills'}),0.026985,0.16648,0.010955,0.4059662775616083,2.438528817645413,1.0,0.0064625372,1.4031526637554586,0.606277063885237,0.060024108268040104,0.28731917357904824,0.2358849888528849
frozenset({'critical thinking'}),frozenset({'teamwork'}),0.025775,0.17344,0.01176,0.4562560620756547,2.6306276641815884,1.0,0.007289583999999999,1.5201272921869426,0.636262244382985,0.06273505641353924,0.34216035384685284,0.2620302450599676
frozenset({'critical thinking'}),frozenset({'communication'}),0.025775,0.29035,0.01504,0.5835111542192046,2.009681950126415,1.0,0.0075562287499999995,1.7038871681415928,0.5157010202599666,0.04995267117259246,0.41310667824872066,0.3176553532418565
frozenset({'critical thinking'}),frozenset({'problem solving'}),0.025775,0.120525,0.010505,0.4075654704170708,3.3815844880072254,1.0,0.007398468125000001,1.484510027832351,0.7229137418679946,0.07735925475901174,0.326377066337384,0.24736290529772853
frozenset({'inclusion'}),frozenset({'diversity'}),0.01642,0.02085,0.01426,0.8684531059683313,41.65242714476409,1.0,0.013917643,7.443353240740738,0.9922851168500951,0.6197305519339419,0.8656519491072168,0.7761929798426788
frozenset({'diversity'}),frozenset({'inclusion'}),0.02085,0.01642,0.01426,0.6839328537170264,41.65242714476409,1.0,0.013917643,3.1119336874051595,0.996774544483906,0.6197305519339419,0.6786563916682186,0.7761929798426788
frozenset({'budgeting'}),frozenset({'communication'}),0.03672,0.29035,0.018815,0.5123910675381262,1.7647358964633244,1.0,0.008153347999999998,1.4553671041608485,0.44986190000181625,0.06103712835152715,0.31288813857271364,0.28859608482812976
frozenset({'leadership skills'}),frozenset({'communication skills'}),0.017645,0.16648,0.01122,0.6358741853216209,3.81952297766471,1.0,0.0082824604,2.2890988949416347,0.751446474468013,0.06489112518434981,0.5631468774853884,0.35163483413125735
frozenset({'conflict resolution'}),frozenset({'time management'}),0.02681,0.12239,0.011585,0.4321148825065274,3.5306387981577534,1.0,0.0083037241,1.5454005977011493,0.7365109957476563,0.08418413690368057,0.3529185885604396,0.2633856543425684
frozenset({'conflict resolution'}),frozenset({'customer service'}),0.02681,0.168875,0.01075,0.40096978739276384,2.3743584745685498,1.0,0.006222461249999999,1.3874508872976337,0.594779646986881,0.05812853164625409,0.27925376735480684,0.23231316904797333
frozenset({'conflict resolution'}),frozenset({'communication'}),0.02681,0.29035,0.016715,0.623461395001865,2.147275340113191,1.0,0.008930716500000001,1.8846673105497775,0.5490125656219863,0.05563414268834562,0.4694023744125485,0.34051492343514983
frozenset({'conflict resolution'}),frozenset({'leadership'}),0.02681,0.153375,0.01241,0.4628869824692279,3.018008035659187,1.0,0.008298016249999998,1.576251128472222,0.6870761315543367,0.07396811205483533,0.365583324930433,0.27189988895262535
frozenset({'innovation'}),frozenset({'communication'}),0.02142,0.29035,0.010305,0.48109243697478987,1.65693968305421,1.0,0.0040857029999999996,1.3675846153846152,0.4051561745157697,0.03418307266183471,0.2687838187483828,0.25829204249290555
frozenset({'negotiation'}),frozenset({'communication'}),0.039195,0.29035,0.025295,0.6453629289450186,2.222706832943064,1.0,0.013914731750000001,2.0010598381294966,0.5725387693394114,0.08313886606409204,0.5002648191996316,0.366240961631111
frozenset({'prioritization'}),frozenset({'communication'}),0.025365,0.29035,0.012395,0.4886654839345555,1.6830221592373187,1.0,0.00503027225,1.3878390323824208,0.4163925555416239,0.04086443360147699,0.27945534268238637,0.265677670501805
frozenset({'prioritization'}),frozenset({'time management'}),0.025365,0.12239,0.01049,0.41356199487482753,3.379050534151708,1.0,0.007385577649999999,1.4965094218487394,0.7223821019003066,0.0764215204167122,0.3317783467312673,0.2496358058367928
frozenset({'product knowledge'}),frozenset({'customer service'}),0.014135,0.168875,0.01018,0.7201980898478952,4.264681509091904,1.0,0.007792951875,2.9704050252844496,0.7764916101870072,0.05890181102817797,0.6633455735874811,0.39023968148945465
frozenset({'mentoring'}),frozenset({'communication'}),0.03541,0.29035,0.01469,0.4148545608585146,1.4288085443723595,1.0,0.0044087065000000016,1.2127754102316604,0.3111334011972525,0.04722409747002282,0.17544502340381116,0.23272433570736992
frozenset({'supervision'}),frozenset({'communication'}),0.02488,0.29035,0.01079,0.43368167202572344,1.4936513587936058,1.0,0.003566092,1.253093825408091,0.33893235905814895,0.03544212324267507,0.20197515962195933,0.23542185891625417
frozenset({'team management'}),frozenset({'leadership'}),0.04752,0.153375,0.025345,0.533354377104377,3.477453151454781,1.0,0.01805662,1.814278241262683,0.7479770930021739,0.14437482198803758,0.44881662731950633,0.3493014754307541
frozenset({'team management'}),frozenset({'communication'}),0.04752,0.29035,0.02372,0.4991582491582492,1.7191604930540698,1.0,0.009922568000000001,1.4169146218487394,0.4391911032146418,0.0755053318478434,0.29424117404107547,0.2904263778940893
"frozenset({'communication', 'team management'})",frozenset({'leadership'}),0.02372,0.153375,0.017045,0.7185919055649241,4.6851957983043135,1.0,0.013406945,3.0085310861423222,0.8056722951543493,0.10649796938456733,0.6676118772359948,0.4148623749503512
"frozenset({'leadership', 'team management'})",frozenset({'communication'}),0.025345,0.29035,0.017045,0.6725192345630302,2.3162363856140185,1.0,0.00968607925,2.1669975,0.58304234462824,0.05707349740498912,0.5385320010752205,0.36561212287820877
"frozenset({'customer service', 'team management'})",frozenset({'leadership'}),0.01779,0.153375,0.011785,0.6624508150646431,4.319157718432881,1.0,0.00905645875,2.5081529975020818,0.7823921332244369,0.07394277826577988,0.6013002392613531,0.36964431543778203
"frozenset({'leadership', 'team management'})",frozenset({'customer service'}),0.025345,0.168875,0.011785,0.4649832314065891,2.7534166182477517,1.0,0.0075048631250000004,1.5534559826696168,0.6533746402486158,0.06459835009729492,0.35627400379797153,0.2673842877980392
"frozenset({'communication', 'team management'})",frozenset({'customer service'}),0.02372,0.168875,0.011155,0.47027824620573355,2.7847712580650397,1.0,0.007149285,1.568984082769598,0.6564756820670206,0.061480379188712526,0.36264490444365594,0.2681665102235181
"frozenset({'customer service', 'team management'})",frozenset({'communication'}),0.01779,0.29035,0.011155,0.6270376616076447,2.159592428474754,1.0,0.0059896735,1.9027390354182365,0.5466750122966371,0.037560819570011963,0.4744418538823994,0.3327284054551053
frozenset({'change management'}),frozenset({'communication'}),0.02277,0.29035,0.01031,0.45278875713658323,1.5594584368403073,1.0,0.0036987305000000005,1.2968483547351524,0.3671108601637164,0.03404775271622469,0.2288998198218604,0.24414881287171852
frozenset({'coaching'}),frozenset({'communication'}),0.0342,0.29035,0.018035,0.5273391812865497,1.816218981527638,1.0,0.00810503,1.5013937519331888,0.4653195280822022,0.058838882273298206,0.33395220360255007,0.29472693522739746
frozenset({'coaching'}),frozenset({'leadership'}),0.0342,0.153375,0.016545,0.4837719298245614,3.154177211570082,1.0,0.011299575,1.640021240441801,0.7071444489482268,0.0967374144886862,0.39025179958607575,0.2958223952301291
"frozenset({'communication', 'coaching'})",frozenset({'leadership'}),0.018035,0.153375,0.01107,0.613806487385639,4.001998287762928,1.0,0.008303881875,2.1922299892318735,0.7639017995787083,0.06904078832480977,0.5438434813354661,0.3429912632527217
"frozenset({'coaching', 'leadership'})",frozenset({'communication'}),0.016545,0.29035,0.01107,0.6690843155031732,2.3044061150445088,1.0,0.00626615925,2.1445039726027395,0.5755715439314737,0.037420772416124404,0.533691700842913,0.3536053573382923
frozenset({'relationship building'}),frozenset({'communication'}),0.0277,0.29035,0.01261,0.4552346570397112,1.5678824075760676,1.0,0.004567305000000001,1.3026709741550697,0.37251575215548416,0.0412847040335254,0.2323464483050958,0.24933249986478415
frozenset({'management'}),frozenset({'communication'}),0.02496,0.29035,0.01298,0.5200320512820513,1.7910523550268687,1.0,0.005732864000000001,1.4785362270450753,0.4529752925785701,0.04293321866834254,0.3236553953104366,0.282368359031761
frozenset({'management'}),frozenset({'leadership'}),0.02496,0.153375,0.013595,0.5446714743589743,3.5512402566192294,1.0,0.00976676,1.8593717553893532,0.7367987347420749,0.08252397717615635,0.46218393546017933,0.31665521558209514
frozenset({'account management'}),frozenset({'sales'}),0.018435,0.07025,0.0103,0.5587198264171414,7.953307137610552,1.0,0.00900494125,2.1069380762138907,0.8906859360069879,0.1314026918415513,0.5253776030299987,0.35266952174949595
frozenset({'microsoft office'}),frozenset({'communication'}),0.044255,0.29035,0.01925,0.43497909840695964,1.4981198498603743,1.0,0.006400560749999999,1.2559712357528494,0.34789265163580485,0.06104231738834012,0.20380342197838322,0.25063919618126523
frozenset({'patient care'}),frozenset({'communication'}),0.036255,0.29035,0.01454,0.40104813129223554,1.3812575556818858,1.0,0.00401336075,1.1848197444163022,0.2864056984315749,0.04659285725730217,0.1559897573342289,0.22556281198674116
frozenset({'reporting'}),frozenset({'communication'}),0.0372,0.29035,0.01946,0.5231182795698925,1.8016816930252886,1.0,0.008658980000000002,1.4881048478015786,0.46215517348125185,0.06316336135544809,0.32800433956160435,0.29507041927521666
frozenset({'word'}),frozenset({'excel'}),0.012095,0.033575,0.011245,0.9297230260438197,27.69093152773849,1.0,0.010838910375,13.751659264705877,0.9756880411214818,0.32665214233841683,0.9272815024899188,0.6323224214359083
frozenset({'decision making'}),frozenset({'problem solving'}),0.026005,0.120525,0.017025,0.654681791963084,5.431916962979332,1.0,0.013890747374999998,2.5468538279510016,0.8376869794151084,0.13146210571020425,0.6073586991819938,0.39796939629268074
frozenset({'decision making'}),frozenset({'communication'}),0.026005,0.29035,0.016205,0.6231493943472409,2.1462007726786325,1.0,0.00865444825,1.8831069642857143,0.548319413519193,0.0539896718307513,0.4689627201398449,0.3394806727203744
frozenset({'decision making'}),frozenset({'leadership'}),0.026005,0.153375,0.01248,0.4799077100557585,3.1289826246504218,1.0,0.008491483125,1.627836090573013,0.6985737110382417,0.07477531455961653,0.38568753586978705,0.28063845160489637
"frozenset({'communication', 'decision making'})",frozenset({'problem solving'}),0.016205,0.120525,0.01239,0.7645788336933045,6.343736433879315,1.0,0.010436892375,3.7357516055045865,0.8562395569353922,0.0996461315747145,0.7323162496868069,0.4336895413021594
"frozenset({'decision making', 'problem solving'})",frozenset({'communication'}),0.017025,0.29035,0.01239,0.7277533039647578,2.5064691026855788,1.0,0.00744679125,2.606643203883496,0.6114421882427259,0.042002135701815345,0.6163648333189006,0.38521297021898987
frozenset({'decision making'}),"frozenset({'communication', 'problem solving'})",0.026005,0.077235,0.01239,0.47644683714670255,6.168794421527838,1.0,0.010381503824999999,1.7625048714652958,0.8602649615105217,0.136378646119978,0.43262568167052556,0.318433168039267
frozenset({'performance management'}),frozenset({'communication'}),0.023635,0.29035,0.010755,0.4550454833932727,1.5672308709945677,1.0,0.003892577750000001,1.3022187694099379,0.3706932503604611,0.03546812650463345,0.23207987514024198,0.24604349251461466
